Model,ROC_AUC,Accuracy,F1_Score
Base XGBoost,0.7070112239311135,0.65,0.65
Optuna Tuned XGBoost,0.7584366134089892,0.6769964243146603,0.624133148404993
